{"cameraMode":{"drawMode":0,"name":"Shaded","section":"Shading Mode"},"sceneLighting":true,"audioPlay":false,"sceneViewState":{"showFog":true,"showMaterialUpdate":false,"showSkybox":true,"showFlares":true,"showImageEffects":true,"showParticleSystems":true},"in2DMode":false,"pivot":{"x":-2742.804443359375,"y":-473.2720642089844,"z":1606.1011962890625},"rotation":{"x":0.13992948830127717,"y":-0.01039640698581934,"z":0.001469165668822825,"w":0.9901063442230225},"size":2.74342679977417,"orthographic":false}